"title","comments","url"
"How long do you go without updating to the latest iOS on your iPhone?",1037,"https://www.reddit.com/r/iphone/comments/1qgqv11/how_long_do_you_go_without_updating_to_the_latest/"
"Dont use your 17s without a case. I learnt it the hard way.",997,"https://www.reddit.com/r/iphone/comments/1qmmc4y/dont_use_your_17s_without_a_case_i_learnt_it_the/"
"Apple reportedly planning to integrate Starlink connectivity into the iPhone 18 Pro",796,"https://www.reddit.com/r/iphone/comments/1qoyujv/apple_reportedly_planning_to_integrate_starlink/"
"What this could be?",619,"https://www.reddit.com/r/iphone/comments/1r3hidd/what_this_could_be/"
"Would you guys prefer a passport style folding iphone, or a standard book style like the Z Fold 7",568,"https://www.reddit.com/r/iphone/comments/1qu9h6v/would_you_guys_prefer_a_passport_style_folding/"
"iPhone sales did extremely well in fiscal Q1 2026 despite iOS 26 flaws. How come?",406,"https://www.reddit.com/r/iphone/comments/1qvv9x3/iphone_sales_did_extremely_well_in_fiscal_q1_2026/"
"Upgrading every year is more cost effective than buying new every 4 years",379,"https://www.reddit.com/r/iphone/comments/1r0mcpm/upgrading_every_year_is_more_cost_effective_than/"
"You think I can tape it up?",369,"https://www.reddit.com/r/iphone/comments/1qh1xkn/you_think_i_can_tape_it_up/"
"Applecare+ replaced my 17 pm 256gb to a 17pm 2tb",347,"https://www.reddit.com/r/iphone/comments/1r0r4tj/applecare_replaced_my_17_pm_256gb_to_a_17pm_2tb/"
"Spotify removed Liquid Glass from their icon",336,"https://www.reddit.com/r/iphone/comments/1qrd1xn/spotify_removed_liquid_glass_from_their_icon/"
"New iPhone Fold specs revealed, including design, cameras, more",336,"https://www.reddit.com/r/iphone/comments/1quz23v/new_iphone_fold_specs_revealed_including_design/"
"What does the yellow exclamation mark thing mean?",328,"https://www.reddit.com/r/iphone/comments/1qpkv0p/what_does_the_yellow_exclamation_mark_thing_mean/"
"Whats one small iOS change you still havent gotten used to?",321,"https://www.reddit.com/r/iphone/comments/1qgbvcz/whats_one_small_ios_change_you_still_havent/"
"Random written notes showing up in my iCloud account",304,"https://www.reddit.com/r/iphone/comments/1qz2pst/random_written_notes_showing_up_in_my_icloud/"
"Satellite messaging feature is amazing",297,"https://www.reddit.com/r/iphone/comments/1qng1ez/satellite_messaging_feature_is_amazing/"
"Whats one iPhone feature Apple added that you still dont use?",296,"https://www.reddit.com/r/iphone/comments/1qjqabb/whats_one_iphone_feature_apple_added_that_you/"
"I tried to unlock iPhone while drunk. Now there is no timer for the next unlock attempt",261,"https://www.reddit.com/r/iphone/comments/1qtojvx/i_tried_to_unlock_iphone_while_drunk_now_there_is/"
"What iPhone games do you play long-term without getting bored?",261,"https://www.reddit.com/r/iphone/comments/1r0pm19/what_iphone_games_do_you_play_longterm_without/"
"What in the actual heck has happened to auto correct?",250,"https://www.reddit.com/r/iphone/comments/1qs7f3n/what_in_the_actual_heck_has_happened_to_auto/"
"Why does Apple simply refuse to improve the Podcasts app in any way?",239,"https://www.reddit.com/r/iphone/comments/1qxkjxf/why_does_apple_simply_refuse_to_improve_the/"
"Apple Releases iOS 26.3",225,"https://www.reddit.com/r/iphone/comments/1r252my/apple_releases_ios_263/"
"Is that a hint that they are going to remove the cable in 18??",211,"https://www.reddit.com/r/iphone/comments/1qlho50/is_that_a_hint_that_they_are_going_to_remove_the/"
"Why is my front camera doing this?",204,"https://www.reddit.com/r/iphone/comments/1qgwaat/why_is_my_front_camera_doing_this/"
"17 pro max camera issue",196,"https://www.reddit.com/r/iphone/comments/1r2o3nx/17_pro_max_camera_issue/"
"Brand New Iphone 17 Pro Max With Dent Out of Box",175,"https://www.reddit.com/r/iphone/comments/1qwdcn9/brand_new_iphone_17_pro_max_with_dent_out_of_box/"
"I need help with screen time",175,"https://www.reddit.com/r/iphone/comments/1qiwjne/i_need_help_with_screen_time/"
"How often do you clean your phone and whats your process?",172,"https://www.reddit.com/r/iphone/comments/1qrreva/how_often_do_you_clean_your_phone_and_whats_your/"
"Im never going to T-Mobile again I had no idea you could get a new phone directly from Apple",160,"https://www.reddit.com/r/iphone/comments/1ql06gd/im_never_going_to_tmobile_again_i_had_no_idea_you/"
"Phone got ran over by a truck, is there any chance I could get the pictures off it?",158,"https://www.reddit.com/r/iphone/comments/1r33t85/phone_got_ran_over_by_a_truck_is_there_any_chance/"
"Apple is supporting a device from 2014",150,"https://www.reddit.com/r/iphone/comments/1qnotmf/apple_is_supporting_a_device_from_2014/"
"How often do you replace your screen protector?",142,"https://www.reddit.com/r/iphone/comments/1qo05ej/how_often_do_you_replace_your_screen_protector/"
"Why TF is the alarm volume tethered to the ringer volume?!",137,"https://www.reddit.com/r/iphone/comments/1qhb5eb/why_tf_is_the_alarm_volume_tethered_to_the_ringer/"
"Best iPhone weather app that doesnt require a subscription?",131,"https://www.reddit.com/r/iphone/comments/1qtn9tl/best_iphone_weather_app_that_doesnt_require_a/"
"Same app, different subscription rates",129,"https://www.reddit.com/r/iphone/comments/1qsv8fx/same_app_different_subscription_rates/"
"Anyone else love using their iPhone naked, but still wish there was a way to keep the corners safe without using a case?",126,"https://www.reddit.com/r/iphone/comments/1qud4pe/anyone_else_love_using_their_iphone_naked_but/"
"Everything about the new iOS update sucks",121,"https://www.reddit.com/r/iphone/comments/1qfm37o/everything_about_the_new_ios_update_sucks/"
"Lost iphone",111,"https://www.reddit.com/r/iphone/comments/1qpzmn6/lost_iphone/"
"Found iPhone with no number how to get it back",107,"https://www.reddit.com/r/iphone/comments/1r4x0be/found_iphone_with_no_number_how_to_get_it_back/"
"When texting my gf, my messages sre sent as SMS and hers are sent as RCS; used to both be RCS",107,"https://www.reddit.com/r/iphone/comments/1qm6234/when_texting_my_gf_my_messages_sre_sent_as_sms/"
"iPhone Air: 5 months in. Thoughts.",106,"https://www.reddit.com/r/iphone/comments/1qygj8h/iphone_air_5_months_in_thoughts/"
